,gr2,grmse,gdblr2,gdblrmse
train,0.765632132492443,0.3012871327506347,0.8468053403479872,0.263199005675909
test,0.6726845698868875,0.2689411177470775,0.6399208811054755,0.2589531329942329
