gr2,grmse,gdblr2,gdblrmse
0.7604780314430366,0.3045819945742314,0.8454106579235444,0.2643943715646513
0.6460128268652201,0.2796840686796758,0.6250164955954565,0.2642580846986377
