gr2,grmse,gdblr2,gdblrmse
0.8711320927211947,0.21839965435275546,0.9252254809384549,0.17519321354634645
0.6391589295707313,0.30434200996678207,0.5842061956388424,0.33886357072388845
0.5516491723997947,0.27796819585809734,0.6657415000391615,0.26715171726773823
