gr2,grmse,gdblr2,gdblrmse
0.8711320927211947,0.21839965435275546,0.9240607033270274,0.1765524505559007
0.6391589295707313,0.30434200996678207,0.5922868511744613,0.33555462941526387
0.5516491723997947,0.27796819585809734,0.6554386602428792,0.27123767558942175
